songname1,artist1,songname2,artist2,works
Money Trees,"['Kendrick Lamar', 'Jay Rock']",Shaheedo Tumko Mera Salam,['Mohammed Rafi'],0

Money Trees,"['Kendrick Lamar', 'Jay Rock']",Jumpin' Jack Flash,['Ananda Shankar'],1

Money Trees,"['Kendrick Lamar', 'Jay Rock']",Start,['Frank Ocean'],1

Money Trees,"['Kendrick Lamar', 'Jay Rock']",What We All Want,['Gang Of Four'],1

Money Trees,"['Kendrick Lamar', 'Jay Rock']",Cold Feet,['Lefty Frizzell'],0

Money Trees,"['Kendrick Lamar', 'Jay Rock']","Manon Lescaut, Act II:""Dunque questra lettiga? - Tu, tu, amore? Tu?""","['Giacomo Puccini', 'Richard Tucker', 'Dorothy Kirsten', 'Fausto Cleva']",0

Money Trees,"['Kendrick Lamar', 'Jay Rock']",Another Part of Me - 2012 Remaster,['Michael Jackson'],0

Money Trees,"['Kendrick Lamar', 'Jay Rock']",Jo Jo Gunne,['Chuck Berry'],1

Money Trees,"['Kendrick Lamar', 'Jay Rock']",O Holy Night,['Martina McBride'],0

Money Trees,"['Kendrick Lamar', 'Jay Rock']","Yeh Zindagi Usiki Hai, Pt. 2",['Lata Mangeshkar'],0

Money Trees,"['Kendrick Lamar', 'Jay Rock']",Strange Meadow Lark,['The Dave Brubeck Quartet'],0

Money Trees,"['Kendrick Lamar', 'Jay Rock']",Sleeping Single In A Double Bed,['Barbara Mandrell'],0

Money Trees,"['Kendrick Lamar', 'Jay Rock']",Jab Dard Ka Kissa Ham Duniya Ko,['Mohantara Talpade'],0

Money Trees,"['Kendrick Lamar', 'Jay Rock']",Apano Se Trikorfo Vouno,['Marika Papagkika'],0

Money Trees,"['Kendrick Lamar', 'Jay Rock']",I Wanna Stay Home,['Randy Cade'],0

Money Trees,"['Kendrick Lamar', 'Jay Rock']",I duckinf hatw you,"['Ghostemane', 'Parv0']",0

Money Trees,"['Kendrick Lamar', 'Jay Rock']",Woke Up This Morning,['Freddie King'],1

Money Trees,"['Kendrick Lamar', 'Jay Rock']",O Grande Amor,"['Stan Getz', 'João Gilberto Quintet', 'Antônio Carlos Jobim']",0

Money Trees,"['Kendrick Lamar', 'Jay Rock']",Nothin' But A Good Time - Remastered 2006,['Poison'],1

Money Trees,"['Kendrick Lamar', 'Jay Rock']",Lonely Girl,['Dorothy Ashby'],0

Money Trees,"['Kendrick Lamar', 'Jay Rock']",Cherry,['Lana Del Rey'],0

Money Trees,"['Kendrick Lamar', 'Jay Rock']",Beer Barrel Polka,['Jack Teagarden And His Orchestra'],0

Money Trees,"['Kendrick Lamar', 'Jay Rock']",Nova Scotia Farewell,['Ian & Sylvia'],0

Money Trees,"['Kendrick Lamar', 'Jay Rock']",Humming,['Portishead'],0

Money Trees,"['Kendrick Lamar', 'Jay Rock']",Gangsta's Paradise (Re-Recorded Version),['Coolio'],1

Money Trees,"['Kendrick Lamar', 'Jay Rock']",If I Can't Change Your Mind,['Sugar'],0

Money Trees,"['Kendrick Lamar', 'Jay Rock']","Das ist bei uns nicht möglich, Kapitel 158","['Sinclair Lewis', 'Frank Arnold']",0

Money Trees,"['Kendrick Lamar', 'Jay Rock']",Two For The Price Of One,['ABBA'],1

Money Trees,"['Kendrick Lamar', 'Jay Rock']",Mi Vida Loca,['Pam Tillis'],0

Money Trees,"['Kendrick Lamar', 'Jay Rock']",The Super-Natural,['John Mayall & The Bluesbreakers'],0

Money Trees,"['Kendrick Lamar', 'Jay Rock']",Haitian Drums,['Unspecified'],0

Money Trees,"['Kendrick Lamar', 'Jay Rock']",Shot Clock,['Ella Mai'],0

Money Trees,"['Kendrick Lamar', 'Jay Rock']",If We Wait,['Guided By Voices'],0

Money Trees,"['Kendrick Lamar', 'Jay Rock']",Mambo Inn,['Tito Puente'],0

Money Trees,"['Kendrick Lamar', 'Jay Rock']",Take It Easy,['Archie James Cavanaugh'],0

Money Trees,"['Kendrick Lamar', 'Jay Rock']","Sinfonia No. 6 in E Major, BWV 792 - Remastered","['Johann Sebastian Bach', 'Claudio Arrau']",0

Money Trees,"['Kendrick Lamar', 'Jay Rock']",You Took My Breath Away,['Traveling Wilburys'],1

Money Trees,"['Kendrick Lamar', 'Jay Rock']",You Raise Me Up,['Selah'],0

Money Trees,"['Kendrick Lamar', 'Jay Rock']",Summertime,['Doc & Merle Watson'],0

Money Trees,"['Kendrick Lamar', 'Jay Rock']",Kapitel 343 - Der Page und die Herzogin,"['Georgette Heyer', 'Irina Salkow']",0

Money Trees,"['Kendrick Lamar', 'Jay Rock']",Athi Mudadali,"['Kamala Bai', 'M. V. Subbaiah Naidu']",0

Money Trees,"['Kendrick Lamar', 'Jay Rock']",I Hate Love,['Bnny Rbbt'],1

Money Trees,"['Kendrick Lamar', 'Jay Rock']",A Little Bit of Abuse,['The Kinks'],0

Money Trees,"['Kendrick Lamar', 'Jay Rock']",Take It to da House,['Trick Daddy'],1

Money Trees,"['Kendrick Lamar', 'Jay Rock']",African Friend,['Jimmy Buffett'],1

Money Trees,"['Kendrick Lamar', 'Jay Rock']","Que Sera, Sera (Whatever Will Be, Will Be)",['Sly & The Family Stone'],0

Money Trees,"['Kendrick Lamar', 'Jay Rock']",The South's Gonna Do It Again,['Charlie Daniels'],0

Money Trees,"['Kendrick Lamar', 'Jay Rock']",Hawaii Five-O,['The Ventures'],0

Money Trees,"['Kendrick Lamar', 'Jay Rock']",Adrenaline,['Rosetta Stone'],0

Money Trees,"['Kendrick Lamar', 'Jay Rock']",Love For Sale,['Don Shirley'],0

Money Trees,"['Kendrick Lamar', 'Jay Rock']",Bellaquita - Remix,"['Dalex', 'Lenny Tavárez', 'Anitta', 'Natti Natasha', 'Farruko', 'Justin Quiles']",0

Money Trees,"['Kendrick Lamar', 'Jay Rock']",Through the Valleys,['Jeremy Soule'],0

Money Trees,"['Kendrick Lamar', 'Jay Rock']",Cuts Like A Knife,['Bryan Adams'],0

Money Trees,"['Kendrick Lamar', 'Jay Rock']",Vertigo/Relight My Fire,['Dan Hartman'],0

Money Trees,"['Kendrick Lamar', 'Jay Rock']",Simplemente Una IlusiÃ³n,"['Gilberto Monroig', 'Orquesta De Radhames Reyes Alfau']",0

Money Trees,"['Kendrick Lamar', 'Jay Rock']",The Great Commandment,['Camouflage'],0

Money Trees,"['Kendrick Lamar', 'Jay Rock']",With Open Arms,['Rachelle Ferrell'],0

Money Trees,"['Kendrick Lamar', 'Jay Rock']",Countdown,['John Coltrane'],0

Money Trees,"['Kendrick Lamar', 'Jay Rock']","Carnival Overture, Op. 92","['AntonÃ­n DvoÅÃ¡k', 'Leonard Bernstein', 'New York Philharmonic']",0

Money Trees,"['Kendrick Lamar', 'Jay Rock']",Put That on Everything,['Brandy'],1

Money Trees,"['Kendrick Lamar', 'Jay Rock']",Kyon Dil Ki Kali Muskayee,"['Shamshad Begum', 'A. R. Ojha']",0

Money Trees,"['Kendrick Lamar', 'Jay Rock']",Same Damn Life,['Seether'],0

Money Trees,"['Kendrick Lamar', 'Jay Rock']",Anchors Aweigh,"['Charles Zimmerman', 'Mormon Tabernacle Choir']",0

Money Trees,"['Kendrick Lamar', 'Jay Rock']",My Baby Just Cares for Me - 2013 Remastered Version,['Nina Simone'],0

Money Trees,"['Kendrick Lamar', 'Jay Rock']",White Horse,['Taylor Swift'],1

Money Trees,"['Kendrick Lamar', 'Jay Rock']",Haar Gai Neha Lagaye,['Shamshad Begum'],0

Money Trees,"['Kendrick Lamar', 'Jay Rock']",Kapitel 136 - Der Page und die Herzogin,"['Georgette Heyer', 'Irina Salkow']",0

Money Trees,"['Kendrick Lamar', 'Jay Rock']",Asi Se Baila el Tango - Remasterizado,"['Francisco Canaro', 'Carlos RoldÃ¡n']",0

Money Trees,"['Kendrick Lamar', 'Jay Rock']",Petit pays,['CesÃ¡ria Evora'],0

Money Trees,"['Kendrick Lamar', 'Jay Rock']","Less of Me - Live at San Quentin State Prison, San Quentin, CA - February 1969",['The Statler Brothers'],0

Money Trees,"['Kendrick Lamar', 'Jay Rock']",Numbers Game - Instrumental,"['Hampton Hawes', 'Harold Land', 'Scott LaFaro', 'Frank Butler']",0

Money Trees,"['Kendrick Lamar', 'Jay Rock']",Rosalyn,['The Pretty Things'],0

Money Trees,"['Kendrick Lamar', 'Jay Rock']",For Whom The Bell Tolls - Live with the SFSO,['Metallica'],1

Money Trees,"['Kendrick Lamar', 'Jay Rock']",Swing Down Sweet Chariot,['Elvis Presley'],1

Money Trees,"['Kendrick Lamar', 'Jay Rock']",I Am The Other Man,['Cecilio & Kapono'],0

Money Trees,"['Kendrick Lamar', 'Jay Rock']",Frisky,['Sly & The Family Stone'],0

Money Trees,"['Kendrick Lamar', 'Jay Rock']",DanÃ§as Regionais Paulistas - Cururu e Caninha Verde,"['CornÃ©lio Pires', 'Pedro Massa']",0

Money Trees,"['Kendrick Lamar', 'Jay Rock']","Puccini: Tosca, Act 3: ""Mario Cavaradossi?"" (Jailer, Cavaradossi)","['Giacomo Puccini', 'Dario Caselli/Giuseppe di Stefano/Orchestra del Teatro alla Scala, Milano/Victor de Sabata', 'Victor de Sabata', 'Orchestra Del Teatro Alla Scala, Milano']",0

Money Trees,"['Kendrick Lamar', 'Jay Rock']",Eres Una En Un MillÃ³n - Radio Edit,['Up4'],0

Money Trees,"['Kendrick Lamar', 'Jay Rock']",Last Night on Earth,['Green Day'],0

Money Trees,"['Kendrick Lamar', 'Jay Rock']",Used To,"['Drake', 'Lil Wayne']",1

Money Trees,"['Kendrick Lamar', 'Jay Rock']",Cuento Criollo - Remasterizado,"['Francisco Canaro', 'Charlo']",0

Money Trees,"['Kendrick Lamar', 'Jay Rock']",Won't Be Hangin' Around,['Albert King'],0

Money Trees,"['Kendrick Lamar', 'Jay Rock']",Telescope,['Cage The Elephant'],0

Money Trees,"['Kendrick Lamar', 'Jay Rock']",Angel in Blue Jeans,['Train'],1

Money Trees,"['Kendrick Lamar', 'Jay Rock']",Woo Hoo,"[""The 5.6.7.8's""]",1

Money Trees,"['Kendrick Lamar', 'Jay Rock']","Don Giovanni, K. 527, Act II: Leporello! Signore? (Live)","['Wolfgang Amadeus Mozart', 'Cesare Siepi', 'Otto Edelmann', 'Wiener Philharmoniker', 'Wilhelm FurtwÃ¤ngler']",0

Money Trees,"['Kendrick Lamar', 'Jay Rock']",Ne KÃ¼stÃ¼n Bisebep Ãyle,['Safiye Ayla'],0

Money Trees,"['Kendrick Lamar', 'Jay Rock']",100 Yard Dash,['Raphael Saadiq'],0

Money Trees,"['Kendrick Lamar', 'Jay Rock']",Brindavan Ki Mangal Leela,['M. S. Subbulakshmi'],0

Money Trees,"['Kendrick Lamar', 'Jay Rock']","Nocturne No. 13 in B Minor, Op. 119","['Gabriel FaurÃ©', 'Vladimir Horowitz']",0

Money Trees,"['Kendrick Lamar', 'Jay Rock']",World War,['The Cure'],1

Money Trees,"['Kendrick Lamar', 'Jay Rock']",Recognize,"['Warren G', 'The Twinz']",0

Money Trees,"['Kendrick Lamar', 'Jay Rock']",Mustapha,['Queen'],0

Money Trees,"['Kendrick Lamar', 'Jay Rock']",Je Ne Bois Pas Beaucoup,['Les Ya Toupas Du Zaire'],0

Money Trees,"['Kendrick Lamar', 'Jay Rock']",PerdÃ³name Mi Amor,['Conjunto Primavera'],0

Money Trees,"['Kendrick Lamar', 'Jay Rock']",Mississippi Mud,['Dean Martin'],0

Money Trees,"['Kendrick Lamar', 'Jay Rock']",El Musico Es Como El Marinero,['Los Iracundos'],0

Money Trees,"['Kendrick Lamar', 'Jay Rock']",You Make Me Wanna Die,['The Shivas'],0

Money Trees,"['Kendrick Lamar', 'Jay Rock']",Moi je joue,['Brigitte Bardot'],0

Money Trees,"['Kendrick Lamar', 'Jay Rock']",Norman's Blues,['Sonny Stitt'],1

Money Trees,"['Kendrick Lamar', 'Jay Rock']",Long Division,['Fugazi'],0

Money Trees,"['Kendrick Lamar', 'Jay Rock']",Dusk at the Market,['Jeremy Soule'],0

Money Trees,"['Kendrick Lamar', 'Jay Rock']","Next Time, This Time",['Jim Croce'],0

Start,['Frank Ocean'],Kanuda Tari Morliye,['Geeta Dutt'],0

Start,['Frank Ocean'],Armatage Shanks,['Green Day'],0

Start,['Frank Ocean'],Forever And For Always - Pop Red Edit,['Shania Twain'],0

Start,['Frank Ocean'],The Sprawl (Album Version),['Sonic Youth'],0

Start,['Frank Ocean'],I Don't Know Why (I Just Do),['Dean Martin'],0

Start,['Frank Ocean'],I've Loved These Days,['Billy Joel'],1

Start,['Frank Ocean'],Kingdom Hall - Remastered,['Van Morrison'],0

Start,['Frank Ocean'],Trip at the Brain,['Suicidal Tendencies'],0

Start,['Frank Ocean'],Personally,['Karla Bonoff'],0

Start,['Frank Ocean'],Shuffle Boil (Retake),['Thelonious Monk'],0

Money Trees,"['Kendrick Lamar', 'Jay Rock']",La Sanlorencina (Cueca),"['Pepa Cardona', 'Los Provincianos']",0

Money Trees,"['Kendrick Lamar', 'Jay Rock']","Quizas, Quizas, Quizas (Perhaps, Perhaps, Perhaps)",['Ben E. King'],0

Money Trees,"['Kendrick Lamar', 'Jay Rock']","No Ties - 10"" LP Take","['Chet Baker Quartet', 'Russ Freeman']",0

Money Trees,"['Kendrick Lamar', 'Jay Rock']","Sonata No. 2, BWV 1003, in A Minor: Allegro","['Johann Sebastian Bach', 'Jascha Heifetz']",0

Money Trees,"['Kendrick Lamar', 'Jay Rock']",Dizzy's Blues - Live,['Dizzy Gillespie'],0

Money Trees,"['Kendrick Lamar', 'Jay Rock']",Ð§Ð°ÑÑÑ 167.4 & Ð§Ð°ÑÑÑ 168.1 - Ð¢ÑÐ¸ÑÐ¼ÑÐ°Ð»ÑÐ½Ð°Ñ Ð°ÑÐºÐ°,['Ð­ÑÐ¸Ñ ÐÐ°ÑÐ¸Ñ Ð ÐµÐ¼Ð°ÑÐº'],0

Money Trees,"['Kendrick Lamar', 'Jay Rock']",Unfoolish,['Ashanti'],1

Money Trees,"['Kendrick Lamar', 'Jay Rock']",Lemonade,['Tay-K'],0

Money Trees,"['Kendrick Lamar', 'Jay Rock']",When It Rains It Pours,['Luke Combs'],0

Money Trees,"['Kendrick Lamar', 'Jay Rock']",Tot ce-i romÃ¢nesc nu piere,['Jean Moscopol'],0

You Raise Me Up,['Josh Groban'],El meneÃ­to,['Los Tigrillos'],0

You Raise Me Up,['Josh Groban'],Dangerous,['The Doobie Brothers'],0

You Raise Me Up,['Josh Groban'],We Had To Tear This Mothafucka Up,['Ice Cube'],0

You Raise Me Up,['Josh Groban'],Blueberry Faygo,['Lil Mosey'],0

You Raise Me Up,['Josh Groban'],Tundra/Desert,['Modest Mouse'],1

You Raise Me Up,['Josh Groban'],Little Girl - Mono,['John Mayall & The Bluesbreakers'],0

You Raise Me Up,['Josh Groban'],All Is Found - Kacey Musgraves Version,['Kacey Musgraves'],0

You Raise Me Up,['Josh Groban'],Soul Man,['Sam & Dave'],0

You Raise Me Up,['Josh Groban'],Sur ma vie,['Charles Aznavour'],0

You Raise Me Up,['Josh Groban'],Bugatti,"['Ace Hood', 'Future', 'Rick Ross']",1

Money Trees,"['Kendrick Lamar', 'Jay Rock']",Jumper - 1998 Edit,['Third Eye Blind'],1
Money Trees,"['Kendrick Lamar', 'Jay Rock']","Reason To Believe - Live at Meadowlands Arena, E. Rutherford, NJ - August 1984",['Bruce Springsteen'],0
Money Trees,"['Kendrick Lamar', 'Jay Rock']",Endless Alleluia,['Cory Asbury'],0
Money Trees,"['Kendrick Lamar', 'Jay Rock']",Quiero Charlar Con La Muerte,['ValentÃ­n Elizalde'],0
Money Trees,"['Kendrick Lamar', 'Jay Rock']",Latter Day Saint - Alternate Take 1,['Jimmy Knepper Quintet'],0
Money Trees,"['Kendrick Lamar', 'Jay Rock']",Yaaro Yeh Jo Duniya,['Mohammed Rafi'],0
Money Trees,"['Kendrick Lamar', 'Jay Rock']",Puke and Cry,['Dinosaur Jr.'],0
Money Trees,"['Kendrick Lamar', 'Jay Rock']",Homebase,['Dzihan & Kamien'],0
Money Trees,"['Kendrick Lamar', 'Jay Rock']","Moves Like an Ape, Looks Like a Man","['Mark Mancina', 'Phil Collins']",0
Money Trees,"['Kendrick Lamar', 'Jay Rock']",D.E.E.P.,['OutKast'],0
Cherry,['The Big Aces'],Mercury Blues,['K.C. Douglas'],0
Cherry,['The Big Aces'],You Can Sing a Rainbow,['Nina Simone'],1
Cherry,['The Big Aces'],You And Me,['The Moody Blues'],0
Cherry,['The Big Aces'],Silent Night,['Carpenters'],0
Cherry,['The Big Aces'],Lookin' For A Reason,['Creedence Clearwater Revival'],0
Cherry,['The Big Aces'],Smoke and Ashes,['Tracy Chapman'],0
Cherry,['The Big Aces'],Wanna Be Close To You,['Rene & Angela'],0
Cherry,['The Big Aces'],How Do I Know,"['Andrew Rayel', 'Jano']",0
Cherry,['The Big Aces'],Misty,['Marty Robbins'],0
Cherry,['The Big Aces'],Heart Of Glass - Special Mix,['Blondie'],0
Cherry,['The Big Aces'],Far Too Young to Die,['Panic! At The Disco'],1
Cherry,['The Big Aces'],Call Off The Bells,['The Early November'],0
Cherry,['The Big Aces'],L'Eventail de Jeane - Pastourelle (Remastered),"['Francis Poulenc', 'Oscar Levant']",0
Cherry,['The Big Aces'],A Beautiful Friend,['Herb Alpert & The Tijuana Brass'],1
Cherry,['The Big Aces'],Ladies Man,['April Wine'],0
Cherry,['The Big Aces'],Einai mia sto Peristeri,['ANTONIS NTALGKAS'],0
Cherry,['The Big Aces'],"Pastorale in F Major, BWV 590: III. Aria","['Johann Sebastian Bach', 'E. Power Biggs']",0
Cherry,['The Big Aces'],Summer Rain,['Belinda Carlisle'],0
Cherry,['The Big Aces'],O Bhoolnewale,['Shamshad Begum'],0
Cherry,['The Big Aces'],Yellow Dog Blues,['Louis Armstrong'],0
Far Too Young to Die,['Panic! At The Disco'],Interlude,['My Chemical Romance'],1
Far Too Young to Die,['Panic! At The Disco'],I Really Like You,['Carly Rae Jepsen'],0
Far Too Young to Die,['Panic! At The Disco'],The Limit To Your Love,['Feist'],0
Far Too Young to Die,['Panic! At The Disco'],Excuse Me Mister,['Gale Garnett'],0
Far Too Young to Die,['Panic! At The Disco'],baseball,['Hippo Campus'],0
Far Too Young to Die,['Panic! At The Disco'],Tell Me,['The Rolling Stones'],1
Far Too Young to Die,['Panic! At The Disco'],Player's Anthem,['Junior M.A.F.I.A.'],0
Far Too Young to Die,['Panic! At The Disco'],I Wish I Knew,['Wes Montgomery'],0
Far Too Young to Die,['Panic! At The Disco'],Done Changed My Way of Living,['Taj Mahal'],0
Far Too Young to Die,['Panic! At The Disco'],"Quatuor Ã  cordes No. 21 in D Major, K. 575: IV. Allegretto","['Wolfgang Amadeus Mozart', 'Amadeus Quartet']",0
Money Trees,"['Kendrick Lamar', 'Jay Rock']","Walk, Don't Run",['Herb Alpert & The Tijuana Brass'],0
Money Trees,"['Kendrick Lamar', 'Jay Rock']",Hurricane Drunk,['Florence + The Machine'],0
Money Trees,"['Kendrick Lamar', 'Jay Rock']",Most Really Pretty Girls Have Pretty Ugly Feet,['HNNY'],0
Money Trees,"['Kendrick Lamar', 'Jay Rock']",I Will Never Leave You,['Scripture Lullabies'],0
Money Trees,"['Kendrick Lamar', 'Jay Rock']",Aaine Mein Ek Chand Si Surat,"['Amirbai Karnataki', 'Surendra']",0
Money Trees,"['Kendrick Lamar', 'Jay Rock']",Never Again,['Breaking Benjamin'],0
Money Trees,"['Kendrick Lamar', 'Jay Rock']",Forget You (Glee Cast Version) (feat. Gwyneth Paltrow),"['Glee Cast', 'Gwyneth Paltrow']",0
Money Trees,"['Kendrick Lamar', 'Jay Rock']",Soak Up The Sun,['Sheryl Crow'],1
Money Trees,"['Kendrick Lamar', 'Jay Rock']",Rocker,['Miles Davis'],0
Money Trees,"['Kendrick Lamar', 'Jay Rock']","Piano Concerto No. 24 in C Minor, K. 491: 1. Allegro","['Wolfgang Amadeus Mozart', 'Kathleen Long', 'Concertgebouworkest', 'Eduard van Beinum']",0
Money Trees,"['Kendrick Lamar', 'Jay Rock']",Mademoiselle de Paris,"['Nilla Pizzi', 'Duo Fasano']",0
Money Trees,"['Kendrick Lamar', 'Jay Rock']",My Backwards Walk,['Frightened Rabbit'],0
Money Trees,"['Kendrick Lamar', 'Jay Rock']",American Psycho,['D12'],1
Money Trees,"['Kendrick Lamar', 'Jay Rock']",Prayer for Protection,['Xumantra'],0
Money Trees,"['Kendrick Lamar', 'Jay Rock']",Wine Red,['The Hush Sound'],0
Money Trees,"['Kendrick Lamar', 'Jay Rock']",Gnossienne No. 3,"['Erik Satie', 'Philippe Entremont']",0
Money Trees,"['Kendrick Lamar', 'Jay Rock']",Vowels (and the Importance of Being Me),['HUNNY'],0
Money Trees,"['Kendrick Lamar', 'Jay Rock']",She Never Lets It Go To Her Heart,['Tim McGraw'],0
Money Trees,"['Kendrick Lamar', 'Jay Rock']",Putrid Pride,['$uicideBoy$'],1
Money Trees,"['Kendrick Lamar', 'Jay Rock']",Ð§Ð°ÑÑÑ 111.2 - ÐÐ¾ ÐºÐ¾Ð¼ Ð·Ð²Ð¾Ð½Ð¸Ñ ÐºÐ¾Ð»Ð¾ÐºÐ¾Ð»,['Ð­ÑÐ½ÐµÑÑ Ð¥ÐµÐ¼Ð¸Ð½Ð³ÑÑÐ¹'],0
Yellow Submarine,['Raffi'],"Signe - Acoustic; Live at MTV Unplugged, Bray Film Studios, Windsor, England, UK, 1/16/1992; 2013 Remaster",['Eric Clapton'],0
Yellow Submarine,['Raffi'],Rhythmorama,['Kenny Burrell'],0
Yellow Submarine,['Raffi'],Light up the Sky - 2015 Remaster,['Van Halen'],0
Yellow Submarine,['Raffi'],Behave Yourself,"[""Booker T. & the M.G.'s""]",1
Yellow Submarine,['Raffi'],Reflections in Suspension,['Steve Roach'],1
Yellow Submarine,['Raffi'],All The Things You Are,['Carly Simon'],1
Yellow Submarine,['Raffi'],Countdown,['John Coltrane'],1
Yellow Submarine,['Raffi'],Three Days,['Willie Nelson'],1
Yellow Submarine,['Raffi'],Si Te Vas,['Shakira'],1
Yellow Submarine,['Raffi'],Mohabbat Jata Ke Ankhen Ladake,"['C. Ramchandra', 'Mohammed Rafi']",0
Devil In A New Dress,"['Kanye West', 'Rick Ross']",I'm Sitting On Top Of The World,"['Les Paul', 'Mary Ford']",0
Devil In A New Dress,"['Kanye West', 'Rick Ross']",Corcovado,"['Gal Costa', 'AntÃ´nio Carlos Jobim']",0
Devil In A New Dress,"['Kanye West', 'Rick Ross']",Cinnamon,['The Long Winters'],0
Devil In A New Dress,"['Kanye West', 'Rick Ross']",Istillfeelher pt. 111,['Jonny Craig'],0
Devil In A New Dress,"['Kanye West', 'Rick Ross']",Rocking Surfer (Mono),['The Beach Boys'],1
Devil In A New Dress,"['Kanye West', 'Rick Ross']",Lihue,"['Nohelani Cypriano', 'Peter Moon', 'Jerry Byrd', 'Kapono Beamer', 'Roscoe Wright', 'Master Henry Gibson', 'John Raposa', 'Kata Maduli', 'Wayne Hobbs', 'Henry Kapono', 'Winner Female Vocalist of the Year Hoku', 'Winner Contemporary Hawaiian Album of the Year Hoku']",0
Devil In A New Dress,"['Kanye West', 'Rick Ross']",LÃ  ci darem la mano from Don Giovanni - Voice,"['Wolfgang Amadeus Mozart', 'Eugene Kohn', ""Les Musiciens de l'Orchestre de l'OpÃ©ra de Paris-Bastille"", 'Bastille Opera Orchestra']",0
Devil In A New Dress,"['Kanye West', 'Rick Ross']",Bol Bol Tu Bol,['K.C.Dey'],0
Devil In A New Dress,"['Kanye West', 'Rick Ross']",Drip Drop,['The Drifters'],0
Devil In A New Dress,"['Kanye West', 'Rick Ross']",My Own True Love (Tara's Theme) - Stereo,['The Ventures'],0
Runaway,['Del Shannon'],Dheere Dheere Chal Chand,"['Lata Mangeshkar', 'Mohammed Rafi']",0
Runaway,['Del Shannon'],Some Gave All,['Billy Ray Cyrus'],0
Runaway,['Del Shannon'],Jennings Farm Blues - Rough Mix,['Led Zeppelin'],0
Runaway,['Del Shannon'],Haay Bhalobasa,['Tapan Kumar'],0
Runaway,['Del Shannon'],Come Rain Or Come Shine,['Ella Fitzgerald'],0
Runaway,['Del Shannon'],It's Not the Same,['The Manhattans'],0
Runaway,['Del Shannon'],23 Minutes in Brussels,['Luna'],0
Runaway,['Del Shannon'],Love Is a Drug,['Papithbk'],0
Runaway,['Del Shannon'],Aa Mohabbat Ki Basti Basayenge Hum,"['Lata Mangeshkar', 'Kishore Kumar']",0
Runaway,['Del Shannon'],N17,['The Saw Doctors'],0
Man In The Mirror,['Keke Palmer'],Balle Balle Tusin Kithe,"['Mohammed Rafi', 'Asha Bhosle']",0
Man In The Mirror,['Keke Palmer'],When You're Young,"['Thomas Z. Shepard', 'Richard Tucker', 'Franz Allers']",0
Man In The Mirror,['Keke Palmer'],"Rigoletto / Act 3: ""V'ho ingannato"" - ""LassÃ¹... in cielo""","['Giuseppe Verdi', 'Hilde Gueden', 'Aldo Protti', ""Orchestra dell'Accademia Nazionale di Santa Cecilia"", 'Alberto Erede']",0
Man In The Mirror,['Keke Palmer'],My Name Is,['Eminem'],1
Man In The Mirror,['Keke Palmer'],Tears Don't Fall,['Bullet For My Valentine'],0
Man In The Mirror,['Keke Palmer'],Dreaming - The Chainsmokers Remix,"['Smallpools', 'The Chainsmokers']",0
Man In The Mirror,['Keke Palmer'],Dil Beqarar Hai Mera,['C. H. Atma'],1
Man In The Mirror,['Keke Palmer'],i needed you,['blackbear'],0
Man In The Mirror,['Keke Palmer'],Life In a Glasshouse,['Radiohead'],0
Man In The Mirror,['Keke Palmer'],The Man,['The Killers'],0
Money Trees,"['Kendrick Lamar', 'Jay Rock']",Quien MÃ¡s Que Yo - Remasterizado,"['Francisco Canaro', 'Carlos RoldÃ¡n', 'Guillermo Coral']",0
Money Trees,"['Kendrick Lamar', 'Jay Rock']","Thinking Of Baby - From ""Johnny Staccato"" Score / Remastered",['Elmer Bernstein'],0
Money Trees,"['Kendrick Lamar', 'Jay Rock']",Lane Changing,['SOB X RBE'],0
Money Trees,"['Kendrick Lamar', 'Jay Rock']",Finger Painting Of The Insane,['Acid Bath'],0
Money Trees,"['Kendrick Lamar', 'Jay Rock']",It's a Big World,['Renee & Jeremy'],0
Money Trees,"['Kendrick Lamar', 'Jay Rock']",Maggie May - Remastered Version,['Rod Stewart'],0
Money Trees,"['Kendrick Lamar', 'Jay Rock']",Sittin' And Thinkin' - Mono Version,['The Spencer Davis Group'],1
Money Trees,"['Kendrick Lamar', 'Jay Rock']",Later,['Duke Ellington'],0
Money Trees,"['Kendrick Lamar', 'Jay Rock']",20th Century Boy,['T. Rex'],1
Money Trees,"['Kendrick Lamar', 'Jay Rock']",Ð§Ð°ÑÑÑ 60.4 & Ð§Ð°ÑÑÑ 61.1 - ÐÐ¾ ÐºÐ¾Ð¼ Ð·Ð²Ð¾Ð½Ð¸Ñ ÐºÐ¾Ð»Ð¾ÐºÐ¾Ð»,['Ð­ÑÐ½ÐµÑÑ Ð¥ÐµÐ¼Ð¸Ð½Ð³ÑÑÐ¹'],0
Money Trees,"['Kendrick Lamar', 'Jay Rock']",Would You?,['Betty Noyes'],0
Money Trees,"['Kendrick Lamar', 'Jay Rock']",No Nos Vamos a Olvidar,['Bronco'],0
Money Trees,"['Kendrick Lamar', 'Jay Rock']",Dancing Drums - Instrumental,['Ananda Shankar'],0
Money Trees,"['Kendrick Lamar', 'Jay Rock']",It's Quiet Uptown,"['RenÃ©e Elise Goldsberry', 'Lin-Manuel Miranda', 'Phillipa Soo', 'Original Broadway Cast of Hamilton']",1
Money Trees,"['Kendrick Lamar', 'Jay Rock']",Bitter Creek - 2013 Remaster,['Eagles'],1
Money Trees,"['Kendrick Lamar', 'Jay Rock']","Concerto No. 3 in C, Op.26: Theme and Variations: Variation IV: Andante meditativo","['Sergei Prokofiev', 'William Kapell', 'Antal DorÃ¡ti']",0
Money Trees,"['Kendrick Lamar', 'Jay Rock']",Tuli-Tuli-Pan,['Trio Lescano'],0
Money Trees,"['Kendrick Lamar', 'Jay Rock']",I'LL SHOW YOU,"['K/DA', 'TWICE', 'Bekuh Boom', 'Annika Wells', 'League of Legends']",0
Money Trees,"['Kendrick Lamar', 'Jay Rock']",A Lovely Place to Be,"[""Patrick O'Hearn""]",0
Money Trees,"['Kendrick Lamar', 'Jay Rock']",And You and I - Alternate Version,['Yes'],1
Yellow Submarine,['Raffi'],watch,['Billie Eilish'],1
Yellow Submarine,['Raffi'],Red River / Black Girl (In The Pines) / Don't Miss Your Water Blues,['Lead Belly'],1
Yellow Submarine,['Raffi'],Paskong Anong Saya,['Verni Gonzales'],1
Yellow Submarine,['Raffi'],Felicia,['Herb Alpert & The Tijuana Brass'],1
Yellow Submarine,['Raffi'],Falling for You,['Waylon Jennings'],0
Yellow Submarine,['Raffi'],"Ð§Ð°ÑÑÑ 3.4 & Ð§Ð°ÑÑÑ 4.1 - ÐÑÑÐ³Ð¸Ðµ Ð³Ð¾Ð»Ð¾ÑÐ°, Ð´ÑÑÐ³Ð¸Ðµ ÐºÐ¾Ð¼Ð½Ð°ÑÑ",['Ð¢ÑÑÐ¼ÐµÐ½ ÐÐ°Ð¿Ð¾ÑÐµ'],0
Yellow Submarine,['Raffi'],Every Night - Live At Glasgow / 1979 / Remastered 2011,['Paul McCartney'],0
Yellow Submarine,['Raffi'],Jag Mein Preet Ka Naam Bura Hai,"['Premlata', 'Satish Batra']",0
Yellow Submarine,['Raffi'],Rocking Surfer (Stereo) - Remastered,['The Beach Boys'],1
Yellow Submarine,['Raffi'],Stormy Weather - Remastered 2002,['Lena Horne'],1
Purple Rain,['Prince'],Why Do You Let Me Stay Here?,['She & Him'],0
Purple Rain,['Prince'],It's Delovely,"[""Anita O'Day""]",1
Purple Rain,['Prince'],El Hombre Que Yo Amo,['Myriam Hernandez'],0
Purple Rain,['Prince'],"Etude op.35, No.22","['Fernando Sor', 'AndrÃ©s Segovia']",1
Purple Rain,['Prince'],Oh Comely,['Neutral Milk Hotel'],1
Purple Rain,['Prince'],Written in the Sand,['Old Dominion'],1
Purple Rain,['Prince'],The Fall Of The House Of Usher: Arrival - 1987 Remix,['The Alan Parsons Project'],0
Purple Rain,['Prince'],Silkk da Shocka (feat. Syd),"['Isaiah Rashad', 'Syd']",0
Purple Rain,['Prince'],Why Do I Love You?,"['Barbara Cook', 'John Raitt']",1
Purple Rain,['Prince'],You Showed Me,['The Lightning Seeds'],1
Purple Rain,['Prince'],Tops - Remastered,"['The Rolling Stones', 'Bob Clearmountain']",1
Purple Rain,['Prince'],Your Wildest Dreams,['The Moody Blues'],1
Purple Rain,['Prince'],Papa Was A Rollin' Stone - Single Version,['The Temptations'],0
Purple Rain,['Prince'],Pacify Her,['Melanie Martinez'],0
Purple Rain,['Prince'],Touch Pads,['Blue-Room'],1
Purple Rain,['Prince'],"Mazurkas, Op. 63: No. 3 in C-Sharp Minor","['FrÃ©dÃ©ric Chopin', 'Arthur Rubinstein']",0
Purple Rain,['Prince'],Nachat Aaya Ban Mor,['Shanta Apte'],0
Purple Rain,['Prince'],Rev It Up,['Jerry Harrison'],1
Purple Rain,['Prince'],Dead Presidents II,['JAY-Z'],0
Purple Rain,['Prince'],Le Pusieron 7 Leguas,['Vicente FernÃ¡ndez'],0
Purple Rain,['Prince'],Dead and Lovely,['Tom Waits'],0
Purple Rain,['Prince'],Hawa Aa Rahi,"['Zeenat Begum', 'Dilshad Begum']",0
Purple Rain,['Prince'],900 Miles (Instrumental),['Woody Guthrie'],0
Purple Rain,['Prince'],How Deep Is The Ocean (How High Is The Sky),['Oscar Peterson'],1
Purple Rain,['Prince'],Love Song,['311'],1
Purple Rain,['Prince'],Cocktails For Two,['Keely Smith'],0
Purple Rain,['Prince'],Strung Out,['Steve Perry'],1
Purple Rain,['Prince'],Ostrich Walk (feat. Bix Beiderbecke),"['Frankie Trumbauer & His Orchestra', 'Bix Beiderbecke']",0
Purple Rain,['Prince'],Step That Step,['Sawyer Brown'],1
Purple Rain,['Prince'],Love Walked In,['Frank Sinatra'],1
Purple Rain,['Prince'],Les Tisseurs De RÃªves,['Berthe Sylva'],0
Purple Rain,['Prince'],Kickin' Child,['Dion'],0
Purple Rain,['Prince'],Overture,['Doris Day'],1
Purple Rain,['Prince'],Lady Day - Live,['Lou Reed'],0
Purple Rain,['Prince'],Stand Back - Live on PBS in Boston 2004,['Fleetwood Mac'],0
Purple Rain,['Prince'],You & Me,['Frances England'],0
Purple Rain,['Prince'],"Folsom Prison Blues/I Walk The Line/Ring Of Fire/The Rebel-Johnny Yuma (with The Carter Family, The Statler Brothers & Carl Perkins) - Live at San Quentin State Prison, San Quentin, CA - February 1969","['Johnny Cash', 'The Carter Family', 'The Statler Brothers', 'Carl Perkins']",0
Purple Rain,['Prince'],I've Got That Old Feeling,['Alison Krauss'],0
Purple Rain,['Prince'],Jump Out The Window,['Big Sean'],1
Purple Rain,['Prince'],"Oh, How I Miss You Tonight",['Frank Sinatra'],1
Purple Rain,['Prince'],"ÐÑÑÐ°Ð½Ñ, ÑÑÑÐ°Ñ Ð¿ÑÐµÐ¾Ð´Ð¾Ð»ÐµÐ¹",['Aria'],0
Purple Rain,['Prince'],Uno Se Cura,['Raulin Rosendo'],0
Purple Rain,['Prince'],Meu PaÃ­s Verdadeiro,"['Dalva De Oliveira', 'Francisco Alves']",0
Purple Rain,['Prince'],Joy In The Morning,['The Gaylads'],1
Purple Rain,['Prince'],Casting Agents and Cowgirls,['Busdriver'],0
Purple Rain,['Prince'],Slaves & Bulldozers,['Soundgarden'],0
Purple Rain,['Prince'],Rock with You - Single Version,['Michael Jackson'],1
Purple Rain,['Prince'],Tsaka tsouka spasta,['Giorgos Kavouras'],0
Purple Rain,['Prince'],Jamaica Mistaica,['Jimmy Buffett'],0
Purple Rain,['Prince'],When I Fall In Love,['The Lettermen'],0
Purple Rain,['Prince'],Song for the Asking,['Simon & Garfunkel'],0
Purple Rain,['Prince'],Fixing A Hole - Take 1,['The Beatles'],0
Purple Rain,['Prince'],I Swear This Time I Mean It,['Mayday Parade'],0
Purple Rain,['Prince'],"Who Is The Lucky Girl To Be?/The Dimple On My Knee/Because, Because","['The Original Broadway Cast Of ""Of Thee I Sing""']",0
Purple Rain,['Prince'],SÃ³lo los Tontos,['Los Caminantes'],0
Purple Rain,['Prince'],The Central Scrutinizer,['Frank Zappa'],0
Purple Rain,['Prince'],Ornaments Of Gold,['Siouxsie and the Banshees'],1
Purple Rain,['Prince'],"Te lo agradezco, pero no",['Alejandro Sanz'],0
Purple Rain,['Prince'],Shotgun Blues,['Sonny Boy Williamson I'],1
Purple Rain,['Prince'],Appalachian Spring: IV. Quite Fast,"['Aaron Copland', 'London Symphony Orchestra']",0
